{
    "answers": {
        "phase": "coding",
        "action": "dev-ops",
        "scope": "api",
        "action experience": 2,
        "language": "js",
        "other language": "No",
        "aimodel": "chatgpt",
        "aimodel version": "GPT -4o",
        "open source aimodel": "No",
        "tool option": "online full",
        "experience with tool": 2,
        "time allocated (h)": 1,
        "time saved estimate (h)": 0,
        "quality of ai help": 2,
        "knowledge acquired": 2,
        "generic feeling - now": 2,
        "generic feeling - future": 4,
        "threat level": 0,
        "notes": "api"
    }
}