{
    "answers": {
        "phase": "testing",
        "action": "source code authoring",
        "scope": "api",
        "action experience": 2,
        "language": "js-node",
        "other language": "<fill in>",
        "aimodel": "open source",
        "aimodel version": "perplexity",
        "open source aimodel": "perplexity",
        "tool option": "online free",
        "experience with tool": 1,
        "time allocated (h)": 1,
        "time saved estimate (h)": 3,
        "quality of ai help": 4,
        "knowledge acquired": 3,
        "generic feeling - now": 2,
        "generic feeling - future": 4,
        "threat level": 1,
        "notes": "<fill in>"
    }
}