{
    "answers": {
        "phase": "requirements gathering",
        "action": "code management",
        "scope": "github operations",
        "action experience": 2,
        "language": "other",
        "other language": "git",
        "aimodel": "chatgpt",
        "aimodel version": "GPT -4o",
        "open source aimodel": "No",
        "tool option": "online full",
        "experience with tool": 2,
        "time allocated (h)": "0.5",
        "time saved estimate (h)": 1,
        "quality of ai help": 5,
        "knowledge acquired": 0,
        "generic feeling - now": 2,
        "generic feeling - future": 4,
        "threat level": 0,
        "notes": "git setup"
    }
}